time_ms,value
2168,180
2268,179
2368,180
2468,180
2568,181
2668,180
2768,180
2868,179
2968,180
3068,179
3168,180
3268,179
3368,180
3468,180
3568,179
3668,180
3768,180
3868,180
3968,180
4068,180
4168,180
4268,180
4368,179
4468,180
4568,180
4668,179
4768,180
4868,179
4968,180
5068,180
5168,179
5268,180
5368,180
5468,180
5568,180
5668,180
5768,180
5868,180
5968,180
6068,180
6168,180
6268,180
6368,180
6468,180
6568,179
6668,179
6768,180
6868,180
6968,180
7068,179
7168,180
7268,180
7368,180
7468,179
7568,179
7668,179
7768,180
7868,180
7968,179
8068,179
8168,179
8268,180
8368,180
8468,179
8568,180
8668,180
8768,179
8868,180
8968,180
9068,180
9168,180
9268,180
9368,179
9468,180
9568,179
9668,180
9768,180
9868,180
9968,180
10068,180
10168,180
10268,180
10368,180
10468,180
10568,180
10668,180
10768,180
10868,180
10968,180
11068,180
11168,180
11268,180
11368,179
11468,180
11568,180
11668,180
11768,180
11868,179
11968,180
12068,180
12168,180
12268,180
12368,180
12468,180
12568,180
12668,179
12768,180
12868,180
12968,180
13068,180
13168,180
13268,180
13368,180
13468,180
13568,180
13668,180
13768,179
13868,180
13968,180
14068,180
14168,180
14268,180
14368,180
14468,180
14568,181
14668,181
14768,180
14868,180
14968,180
15068,180
15168,180
15268,180
15368,179
15468,180
15568,180
15668,180
15768,180
15868,180
15968,180
16068,180
16168,180
16268,180
16368,180
16468,179
16568,180
16668,180
16768,179
16868,180
16968,179
17068,180
17168,180
17268,180
17368,180
17468,179
17568,180
17668,180
17768,180
17868,180
17968,180
18068,180
18168,180
18268,180
18368,179
18468,180
18568,180
18668,180
18768,179
18868,180
18968,180
19068,180
19168,180
19268,180
19368,180
19468,179
19568,180
19668,180
19768,180
19868,180
19968,180
20068,180
20168,180
20268,180
20368,180
20468,180
20568,180
20668,180
20768,180
20868,180
20968,180
21068,180
21168,180
21268,181
21368,180
21468,180
21568,180
21668,180
21768,179
21868,180
21968,180
22068,180
22168,180
22268,180
22368,180
22468,179
22568,179
22668,180
22768,180
22868,180
22968,180
23068,180
23168,181
23268,180
23368,180
23468,180
23568,180
23668,180
23768,180
23868,180
23968,180
24068,180
24168,180
24268,180
24368,180
24468,180
24568,180
24668,180
24768,180
24868,180
24968,180
25068,180
25168,180
25268,180
25368,180
25468,180
25568,180
25668,180
25768,180
25868,180
25968,180
26068,180
26168,180
26268,180
26368,181
26468,180
26568,180
26668,179
26768,180
26868,180
26968,180
27068,180
27168,179
27268,180
27368,180
27468,180
27568,180
27668,180
27768,180
27868,180
27968,180
28068,180
28168,180
28268,180
28368,180
28468,179
28568,180
28668,180
28768,180
28868,180
28968,180
29068,180
29168,180
29268,180
29368,180
29468,179
29568,180
29668,179
29768,180
29868,180
29968,180
30068,180
30168,180
30268,180
30368,180
30468,180
30568,179
30668,180
30768,180
30868,180
30968,180
31068,180
31168,179
31268,180
31368,180
31468,181
31568,180
31668,180
31768,180
31868,180
31968,180
32068,180
32168,180
32268,179
32368,179
32468,180
32568,179
32668,180
32768,180
32868,180
32968,180
33068,179
33168,180
33268,180
33368,180
33468,180
33568,180
33668,180
33768,180
33868,180
33968,180
34068,180
34168,180
34268,180
34368,180
34468,180
34568,179
34668,179
34768,180
34868,180
34968,180
35068,179
35168,180
35268,180
35368,180
35468,180
35568,180
35668,180
35768,179
35868,180
35968,180
36068,180
36168,180
36268,180
36368,180
36468,180
36568,180
36668,179
36768,179
36868,180
36968,181
37068,180
37168,180
37268,180
37368,180
37468,180
37568,180
37668,180
37768,180
37868,180
37968,180
38068,179
38168,180
38268,180
38368,181
38468,179
38568,181
38668,188
38768,197
38868,205
38968,212
39068,219
39168,223
39268,221
39368,221
39468,219
39568,218
39668,218
39768,216
39868,216
39968,216
40068,215
40168,214
40268,212
40368,212
40468,211
40568,210
40668,210
40768,211
40868,211
40968,212
41068,213
41168,213
41268,214
41368,215
41468,216
41568,216
41668,217
41768,218
41868,219
41968,221
42068,223
42168,224
42268,227
42368,228
42468,231
42568,235
42668,238
42768,241
42868,245
42968,248
43068,252
43168,255
43268,259
43368,263
43468,266
43568,271
43668,275
43768,280
43868,284
43968,285
44068,286
44168,289
44268,293
44368,297
44468,305
44568,313
44668,319
44768,327
44868,333
44968,341
45068,347
45168,354
45268,362
45368,368
45468,375
45568,383
45668,389
45768,389
45868,388
45968,388
46068,386
46168,386
46268,386
46368,386
46468,383
46568,380
46668,377
46768,374
46868,371
46968,368
47068,365
47168,363
47268,360
47368,358
47468,354
47568,352
47668,350
47768,347
47868,344
47968,342
48068,340
48168,338
48268,336
48368,334
48468,331
48568,329
48668,328
48768,326
48868,327
48968,336
49068,346
49168,356
49268,364
49368,374
49468,382
49568,390
49668,399
49768,408
49868,415
49968,423
50068,432
50168,439
50268,447
50368,454
50468,461
50568,470
50668,477
50768,484
50868,491
50968,497
51068,506
51168,511
51268,519
51368,526
51468,532
51568,539
51668,546
51768,552
51868,559
51968,566
52068,573
52168,580
52268,586
52368,593
52468,600
52568,606
52668,611
52768,618
52868,624
52968,630
53068,637
53168,643
53268,649
53368,655
53468,660
53568,665
53668,673
53768,677
53868,683
53968,688
54068,694
54168,698
54268,704
54368,708
54468,712
54568,717
54668,723
54768,727
54868,732
54968,737
55068,741
55168,745
55268,750
55368,754
55468,757
55568,762
55668,765
55768,769
55868,774
55968,777
56068,781
56168,784
56268,788
56368,792
56468,794
56568,797
56668,800
56768,801
56868,804
56968,806
57068,809
57168,811
57268,813
57368,816
57468,819
57568,822
57668,825
57768,827
57868,830
57968,834
58068,835
58168,837
58268,839
58368,841
58468,843
58568,844
58668,847
58768,848
58868,850
58968,851
59068,852
59168,854
59268,854
59368,854
59468,855
59568,855
59668,856
59768,857
59868,858
59968,858
60068,857
60168,857
60268,857
60368,855
60468,855
60568,854
60668,854
60768,851
60868,852
60968,854
61068,855
61168,857
61268,859
61368,861
61468,862
61568,864
61668,865
61768,867
61868,867
61968,868
62068,870
62168,870
62268,870
62368,872
62468,872
62568,873
62668,873
62768,873
62868,874
62968,875
63068,875
63168,875
63268,875
63368,875
63468,875
63568,874
63668,875
63768,875
63868,874
63968,875
64068,876
64168,875
64268,876
64368,876
64468,876
64568,875
64668,875
64768,874
64868,873
64968,874
65068,873
65168,872
65268,872
65368,871
65468,871
65568,870
65668,871
65768,871
65868,870
65968,868
66068,867
66168,866
66268,865
66368,861
66468,860
66568,859
66668,856
66768,854
66868,850
66968,852
67068,851
67168,851
67268,851
67368,850
67468,850
67568,851
67668,850
67768,850
67868,848
67968,847
68068,850
68168,852
68268,855
68368,856
68468,859
68568,859
68668,861
68768,861
68868,862
68968,863
69068,864
69168,865
69268,867
69368,869
69468,869
69568,870
69668,872
69768,872
69868,872
69968,874
70068,874
70168,875
70268,875
70368,870
70468,867
70568,863
70668,862
70768,858
70868,858
70968,856
71068,850
71168,844
71268,843
71368,846
71468,848
71568,851
71668,853
71768,855
71868,858
71968,859
72068,861
72168,863
72268,864
72368,865
72468,867
72568,867
72668,869
72768,870
72868,871
72968,872
73068,872
73168,873
73268,876
73368,875
73468,876
73568,877
73668,876
73768,878
73868,878
73968,878
74068,879
74168,880
74268,880
74368,880
74468,881
74568,881
74668,881
74768,881
74868,882
74968,882
75068,883
75168,883
75268,882
75368,883
75468,884
75568,884
75668,884
75768,883
75868,884
75968,884
76068,884
76168,884
76268,885
76368,884
76468,884
76568,886
76668,886
76768,886
76868,885
76968,885
77068,885
77168,884
77268,882
77368,882
77468,880
77568,881
77668,881
77768,882
77868,881
77968,882
78068,882
78168,882
78268,882
78368,883
78468,882
78568,883
78668,883
78768,881
78868,883
78968,884
79068,883
79168,884
79268,883
79368,881
79468,878
79568,876
79668,875
79768,872
79868,870
79968,868
80068,869
80168,870
80268,871
80368,872
80468,873
80568,874
80668,875
80768,876
80868,877
80968,877
81068,878
81168,879
81268,879
81368,880
81468,881
81568,880
81668,881
81768,882
81868,881
81968,882
82068,882
82168,882
82268,883
82368,883
82468,884
82568,884
82668,883
82768,884
82868,884
82968,883
83068,883
83168,884
83268,885
83368,884
83468,885
83568,885
83668,884
83768,886
83868,885
83968,885
84068,885
84168,885
84268,886
84368,886
84468,886
84568,886
84668,887
84768,886
84868,886
84968,886
85068,887
85168,886
85268,886
85368,886
85468,886
85568,887
85668,886
85768,886
85868,887
85968,887
86068,885
86168,885
86268,883
86368,882
86468,877
86568,876
86668,877
86768,876
86868,876
86968,877
87068,877
87168,877
87268,876
87368,877
87468,877
87568,877
87668,877
87768,876
87868,877
87968,876
88068,876
88168,877
88268,875
88368,876
88468,876
88568,877
88668,876
88768,876
88868,876
88968,876
89068,876
89168,876
89268,876
89368,876
89468,877
89568,876
89668,876
89768,875
89868,876
89968,876
90068,876
90168,877
90268,876
90368,876
90468,876
90568,876
90668,876
90768,877
90868,876
90968,876
91068,876
91168,876
91268,875
91368,876
91468,875
91568,875
91668,876
91768,876
91868,875
91968,876
92068,876
92168,876
92268,877
92368,875
92468,875
92568,875
92668,875
92768,875
92868,876
92968,875
93068,875
93168,876
93268,874
93368,867
93468,860
93568,853
93668,845
93768,841
93868,844
93968,846
94068,848
94168,851
94268,854
94368,855
94468,857
94568,859
94668,862
94768,863
94868,865
94968,866
95068,867
95168,869
95268,870
95368,871
95468,871
95568,873
95668,873
95768,867
95868,861
95968,858
96068,856
96168,854
96268,855
96368,858
96468,859
96568,861
96668,863
96768,865
96868,866
96968,868
97068,870
97168,870
97268,872
97368,872
97468,873
97568,874
97668,876
97768,877
97868,876
97968,877
98068,878
98168,878
98268,879
98368,880
98468,881
98568,880
98668,881
98768,881
98868,882
98968,882
99068,881
99168,882
99268,883
99368,883
99468,883
99568,882
99668,882
99768,882
99868,883
99968,883
100068,881
100168,882
100268,881
100368,882
100468,882
100568,882
100668,882
100768,882
100868,881
100968,882
101068,882
101168,882
101268,882
101368,881
101468,882
101568,882
101668,881
101768,882
101868,882
101968,881
102068,881
102168,881
102268,882
102368,881
102468,881
102568,882
102668,880
102768,881
102868,882
102968,881
103068,882
103168,881
103268,881
103368,881
103468,881
103568,880
103668,880
103768,882
103868,882
103968,881
104068,881
104168,881
104268,881
104368,880
104468,881
104568,880
104668,880
104768,881
104868,882
104968,881
105068,880
105168,880
105268,881
105368,881
105468,880
105568,881
105668,880
105768,881
105868,881
105968,881
106068,880
106168,881
106268,881
106368,881
106468,881
106568,881
106668,881
106768,881
106868,881
106968,880
107068,880
107168,880
107268,881
107368,881
107468,880
107568,881
107668,881
107768,881
107868,880
107968,881
108068,881
108168,880
108268,879
108368,881
108468,880
108568,880
108668,881
108768,881
108868,880
108968,880
109068,881
109168,881
109268,880
109368,881
109468,880
109568,881
109668,881
109768,880
109868,880
109968,880
110068,880
110168,879
110268,880
110368,880
110468,881
110568,880
110668,880
110768,880
110868,880
110968,880
111068,879
111168,880
111268,880
111368,880
111468,879
111568,880
111668,880
111768,880
111868,880
111968,880
112068,880
112168,881
112268,879
112368,879
112468,879
112568,880
112668,880
112768,880
112868,880
112968,880
113068,880
113168,880
113268,879
113368,879
113468,880
113568,880
113668,879
113768,879
113868,880
113968,880
114068,879
114168,880
114268,879
114368,880
114468,879
114568,879
114668,879
114768,880
114868,881
114968,879
115068,879
115168,880
115268,880
115368,881
115468,880
115568,880
115668,880
115768,880
115868,878
115968,880
116068,879
116168,880
116268,880
116368,879
116468,880
116568,880
116668,880
116768,879
116868,879
116968,879
117068,879
117168,880
117268,879
117368,880
117468,879
117568,879
117668,879
117768,880
117868,879
117968,879
118068,879
118168,879
118268,879
118368,878
118468,878
118568,880
118668,880
118768,879
118868,880
118968,879
119068,879
119168,879
119268,878
119368,879
119468,879
119568,879
119668,879
119768,879
119868,878
119968,879
120068,879
120168,879
120268,879
120368,879
120468,880
120568,879
120668,879
120768,879
120868,879
120968,879
121068,879
121168,879
121268,879
121368,880
121468,879
121568,879
121668,879
121768,879
121868,879
121968,878
122068,880
122168,879
122268,879
122368,878
122468,878
122568,879
122668,878
122768,879
122868,878
122968,879
123068,878
123168,879
123268,878
123368,878
123468,879
123568,879
123668,879
123768,878
123868,878
123968,879
124068,878
124168,880
124268,879
124368,879
124468,879
124568,880
124668,878
124768,879
124868,878
124968,879
125068,879
125168,879
125268,879
125368,880
125468,879
125568,879
125668,879
125768,880
125868,878
125968,879
126068,879
126168,879
126268,879
126368,878
126468,879
126568,879
126668,878
126768,879
126868,879
126968,879
127068,880
127168,879
127268,880
127368,878
127468,879
127568,879
127668,879
127768,879
127868,879
127968,879
128068,878
128168,878
128268,878
128368,878
128468,879
128568,879
128668,879
128768,879
128868,879
128968,879
129068,879
129168,879
129268,877
129368,879
129468,879
129568,879
129668,879
129768,879
129868,880
129968,879
130068,878
130168,879
130268,878
130368,879
130468,879
130568,878
130668,878
130768,879
130868,879
130968,878
131068,879
131168,879
131268,880
131368,879
131468,877
131568,879
131668,878
131768,879
131868,879
131968,880
132068,879
132168,879
132268,879
132368,879
132468,879
132568,878
132668,879
132768,878
132868,880
132968,879
133068,879
133168,879
133268,879
133368,878
133468,879
133568,877
133668,879
133768,879
133868,879
133968,879
134068,879
134168,879
134268,878
134368,878
134468,879
134568,878
134668,879
134768,879
134868,880
134968,879
135068,878
135168,879
135268,879
135368,879
135468,879
135568,879
135668,877
135768,880
135868,878
135968,879
136068,879
136168,878
136268,879
136368,879
136468,879
136568,879
136668,879
136768,878
136868,879
136968,879
137068,878
137168,878
137268,879
137368,879
137468,879
137568,878
137668,880
137768,878
137868,879
137968,878
138068,879
138168,878
138268,878
138368,879
138468,879
138568,879
138668,878
138768,878
138868,878
138968,878
139068,879
139168,878
139268,879
139368,878
139468,879
139568,878
139668,877
139768,878
139868,878
139968,879
140068,878
140168,878
140268,878
140368,878
140468,879
140568,878
140668,878
140768,878
140868,878
140968,879
141068,878
141168,878
141268,879
141368,878
141468,878
141568,877
141668,880
141768,879
141868,879
141968,878
142068,878
142168,879
142268,879
142368,878
142468,878
142568,879
142668,879
142768,879
142868,878
142968,878
143068,879
143168,879
143268,878
143368,878
143468,879
143568,878
143668,878
143768,879
143868,879
143968,878
144068,879
144168,879
144268,879
144368,879
144468,877
144568,878
144668,878
144768,878
144868,878
144968,878
145068,878
145168,878
145268,878
145368,879
145468,878
145568,878
145668,878
145768,879
145868,877
145968,878
146068,878
146168,878
146268,878
146368,878
146468,878
146568,878
146668,877
146768,878
146868,878
146968,877
147068,879
147168,878
147268,878
147368,879
147468,878
147568,879
147668,878
147768,877
147868,878
147968,877
148068,879
148168,878
148268,879
148368,879
148468,878
148568,879
148668,879
148768,878
148868,878
148968,879
149068,878
149168,879
149268,878
149368,879
149468,878
149568,878
149668,878
149768,878
149868,878
149968,879
150068,878
150168,879
150268,879
150368,878
150468,879
150568,879
150668,878
150768,878
150868,878
150968,877
151068,878
151168,878
151268,878
151368,879
151468,878
151568,878
151668,878
151768,878
151868,878
151968,878
152068,879
152168,878
152268,878
152368,879
152468,878
152568,879
152668,879
152768,878
152868,878
152968,878
153068,879
153168,879
153268,878
153368,879
153468,878
153568,878
153668,878
153768,878
153868,879
153968,877
154068,878
154168,879
154268,878
154368,878
154468,878
154568,878
154668,878
154768,878
154868,878
154968,878
155068,878
155168,878
155268,879
155368,878
155468,879
155568,878
155668,879
155768,879
155868,878
155968,878
156068,878
156168,879
156268,878
156368,878
156468,878
156568,878
156668,878
156768,877
156868,878
156968,878
157068,878
157168,877
157268,878
157368,878
157468,877
157568,878
157668,878
157768,878
157868,878
157968,878
158068,878
158168,877
158268,878
158368,878
158468,877
158568,878
158668,877
158768,877
158868,879
158968,877
159068,877
159168,878
159268,878
159368,878
159468,878
159568,878
159668,877
159768,878
159868,877
159968,878
160068,878
160168,878
160268,877
160368,878
160468,878
160568,878
160668,878
160768,878
160868,879
160968,877
161068,878
161168,878
161268,878
161368,878
161468,879
161568,878
161668,878
161768,878
161868,877
161968,878
162068,878
162168,878
162268,879
162368,878
162468,878
162568,878
162668,878
162768,877
162868,878
162968,878
163068,878
163168,877
163268,878
163368,877
163468,878
163568,877
163668,879
163768,879
163868,878
163968,878
164068,878
164168,878
164268,879
164368,879
164468,878
164568,878
164668,878
164768,878
164868,878
164968,878
165068,879
165168,878
165268,879
165368,878
165468,879
165568,878
165668,878
165768,878
165868,877
165968,878
166068,878
166168,877
166268,878
166368,878
166468,878
166568,878
166668,877
166768,878
166868,878
166968,877
167068,878
167168,877
167268,877
167368,877
167468,878
167568,878
167668,877
167768,878
167868,877
167968,878
168068,877
168168,878
168268,878
168368,878
168468,878
168568,878
168668,877
168768,878
168868,878
168968,877
169068,878
169168,877
169268,878
169368,878
169468,878
169568,878
169668,877
169768,878
169868,879
169968,878
170068,878
170168,878
170268,878
170368,878
170468,878
170568,877
170668,878
170768,878
170868,878
170968,877
171068,878
171168,877
171268,877
171368,878
171468,878
171568,878
171668,876
171768,878
171868,877
171968,878
172068,878
172168,877
172268,878
172368,877
172468,878
172568,877
172668,878
172768,877
172868,878
172968,878
173068,879
173168,877
173268,877
173368,878
173468,878
173568,877
173668,878
173768,877
173868,878
173968,878
174068,877
174168,878
174268,877
174368,878
174468,878
174568,879
174668,878
174768,878
174868,878
174968,878
175068,877
175168,878
175268,878
175368,878
175468,878
175568,878
175668,877
175768,878
175868,877
175968,878
176068,877
176168,878
176268,878
176368,877
176468,878
176568,877
176668,878
176768,877
176868,877
176968,878
177068,878
177168,877
177268,877
177368,877
177468,877
177568,877
177668,877
177768,878
177868,877
177968,877
178068,877
178168,878
178268,877
178368,877
178468,877
178568,878
178668,878
178768,877
178868,878
178968,877
179068,877
179168,878
179268,878
179368,878
179468,878
179568,878
179668,878
179768,878
179868,878
179968,877
180068,877
180168,877
180268,878
180368,878
180468,877
180568,877
180668,877
180768,878
180868,878
180968,878
181068,878
181168,878
181268,878
181368,877
181468,877
181568,878
181668,878
181768,877
181868,877
181968,878
182068,877
182168,877
182268,878
182368,878
182468,878
182568,878
182668,878
182768,878
182868,878
182968,877
183068,877
183168,878
183268,878
183368,878
183468,878
183568,878
183668,877
183768,877
183868,878
183968,877
184068,877
184168,877
184268,877
184368,877
184468,877
184568,878
184668,878
184768,877
184868,877
184968,878
185068,877
185168,878
185268,878
185368,877
185468,878
185568,877
185668,877
185768,878
185868,877
185968,877
186068,878
186168,878
186268,877
186368,878
186468,876
186568,877
186668,878
186768,877
186868,877
186968,877
187068,877
187168,878
187268,877
187368,878
187468,877
187568,878
187668,878
187768,877
187868,877
187968,878
188068,877
188168,878
188268,877
188368,877
188468,877
188568,878
188668,877
188768,877
188868,877
188968,877
189068,878
189168,877
189268,878
189368,878
189468,878
189568,877
189668,878
189768,878
189868,878
189968,877
190068,878
190168,877
190268,877
190368,877
190468,877
190568,877
190668,877
190768,877
190868,877
190968,877
191068,878
191168,877
191268,877
191368,877
191468,877
191568,877
191668,878
191768,878
191868,878
191968,877
192068,877
192168,878
192268,877
192368,877
192468,877
192568,877
192668,878
192768,878
192868,877
192968,877
193068,877
193168,877
193268,877
193368,878
193468,878
193568,877
193668,877
193768,878
193868,878
193968,876
194068,877
194168,877
194268,877
194368,876
194468,878
194568,878
194668,878
194768,878
194868,878
194968,879
195068,878
195168,878
195268,877
195368,878
195468,877
195568,878
195668,878
195768,878
195868,878
195968,877
196068,878
196168,877
196268,876
196368,878
196468,877
196568,877
196668,878
196768,877
196868,878
196968,877
197068,878
197168,878
197268,877
197368,877
197468,878
197568,879
197668,877
197768,878
197868,878
197968,878
198068,877
198168,878
198268,877
198368,877
198468,878
198568,878
198668,876
198768,877
198868,877
198968,877
199068,877
199168,878
199268,878
199368,878
199468,878
199568,878
199668,877
199768,879
199868,877
199968,877
200068,878
200168,878
200268,878
200368,877
200468,878
200568,877
200668,877
200768,877
200868,878
200968,877
201068,877
201168,878
201268,877
201368,876
201468,877
201568,877
201668,877
201768,877
201868,878
201968,876
202068,877
202168,878
202268,877
202368,877
202468,877
202568,877
202668,877
202768,877
202868,877
202968,877
203068,877
203168,878
203268,878
203368,878
203468,877
203568,877
203668,877
203768,877
203868,878
203968,877
204068,877
204168,877
204268,877
204368,877
204468,878
204568,876
204668,877
204768,878
204868,878
204968,877
205068,878
205168,877
205268,876
205368,878
205468,876
205568,877
205668,877
205768,878
205868,878
205968,877
206068,877
206168,877
206268,878
206368,878
206468,877
206568,877
206668,877
206768,878
206868,877
206968,878
207068,877
207168,878
207268,877
207368,877
207468,878
207568,878
207668,877
207768,877
207868,877
207968,878
208068,876
208168,878
208268,878
208368,877
208468,877
208568,878
208668,877
208768,877
208868,877
208968,877
209068,877
209168,877
209268,877
209368,878
209468,877
209568,877
209668,877
209768,877
209868,877
209968,876
210068,877
210168,878
210268,877
210368,877
210468,877
210568,878
210668,878
210768,876
210868,878
210968,878
211068,877
211168,878
211268,877
211368,878
211468,876
211568,877
211668,878
211768,877
211868,877
211968,878
212068,877
212168,877
212268,877
212368,878
212468,877
212568,877
212668,877
212768,876
212868,876
212968,876
213068,877
213168,878
213268,877
213368,877
213468,877
213568,877
213668,877
213768,876
213868,878
213968,877
214068,877
214168,877
214268,877
214368,878
214468,877
214568,877
214668,877
214768,877
214868,877
214968,877
215068,877
215168,878
215268,877
215368,878
215468,877
215568,878
215668,879
215768,877
215868,877
215968,877
216068,877
216168,878
216268,877
216368,877
216468,877
216568,877
216668,878
216768,877
216868,877
216968,878
217068,878
217168,877
217268,877
217368,877
217468,877
217568,877
217668,876
217768,877
217868,878
217968,877
218068,878
218168,877
218268,877
218368,877
218468,878
218568,877
218668,877
218768,877
218868,878
218968,877
219068,877
219168,877
219268,877
219368,877
219468,878
219568,877
219668,878
219768,877
219868,877
219968,876
220068,877
220168,878
220268,878
220368,876
220468,878
220568,877
220668,877
220768,877
220868,877
220968,877
221068,877
221168,876
221268,877
221368,877
221468,877
221568,877
221668,877
221768,877
221868,877
221968,878
222068,877
222168,878
222268,877
222368,877
222468,878
222568,878
222668,877
222768,878
222868,877
222968,877
223068,877
223168,878
223268,878
223368,877
223468,877
223568,878
223668,877
223768,878
223868,877
223968,878
224068,878
224168,877
224268,878
224368,877
224468,878
224568,878
224668,878
224768,877
224868,878
224968,877
225068,878
225168,877
225268,877
225368,877
225468,877
225568,877
225668,878
225768,877
225868,877
225968,877
226068,877
226168,877
226268,878
226368,877
226468,877
226568,878
226668,877
226768,877
226868,877
226968,876
227068,878
227168,877
227268,877
227368,878
227468,876
227568,877
227668,877
227768,877
227868,877
227968,876
228068,878
228168,877
228268,877
228368,877
228468,878
228568,877
228668,878
228768,877
228868,876
228968,877
229068,876
229168,878
229268,877
229368,877
229468,877
229568,877
229668,877
229768,876
229868,877
229968,878
230068,877
230168,877
230268,877
230368,878
230468,878
230568,877
230668,877
230768,877
230868,878
230968,876
231068,878
231168,877
231268,877
231368,877
231468,877
231568,876
231668,876
231768,877
231868,878
231968,877
232068,877
232168,876
232268,877
232368,877
232468,877
232568,878
232668,878
232768,877
232868,877
232968,878
233068,877
233168,878
233268,877
233368,878
233468,876
233568,878
233668,876
233768,877
233868,876
233968,877
234068,877
234168,877
234268,877
234368,877
234468,877
234568,877
234668,876
234768,877
234868,877
234968,876
235068,877
235168,876
235268,877
235368,877
235468,877
235568,877
235668,877
235768,877
235868,876
235968,877
236068,877
236168,877
236268,877
236368,877
236468,877
236568,876
236668,877
236768,877
236868,877
236968,877
237068,877
237168,877
237268,877
237368,876
237468,878
237568,877
237668,877
237768,877
237868,877
237968,877
238068,877
238168,877
238268,877
238368,876
238468,877
238568,877
238668,877
238768,878
238868,877
238968,877
239068,876
239168,877
239268,878
239368,878
239468,877
239568,877
239668,878
239768,877
239868,878
239968,877
240068,878
240168,877
240268,878
240368,876
240468,877
240568,877
240668,878
240768,877
240868,876
240968,877
241068,877
241168,877
241268,877
241368,877
241468,876
241568,877
241668,878
241768,877
241868,877
241968,877
242068,878
242168,877
242268,877
242368,877
242468,877
242568,877
242668,877
242768,877
242868,877
242968,877
243068,877
243168,876
243268,878
243368,877
243468,877
243568,877
243668,876
243768,877
243868,877
243968,877
244068,877
244168,877
244268,876
244368,877
244468,876
244568,876
244668,876
244768,877
244868,877
244968,876
245068,877
245168,877
245268,876
245368,877
245468,877
245568,876
245668,877
245768,877
245868,877
245968,876
246068,876
246168,876
246268,877
246368,876
246468,877
246568,877
246668,878
246768,877
246868,877
246968,877
247068,877
247168,878
247268,876
247368,876
247468,877
247568,877
247668,877
247768,877
247868,876
247968,877
248068,876
248168,876
248268,876
248368,876
248468,877
248568,876
248668,877
248768,877
248868,877
248968,877
249068,876
249168,877
249268,876
249368,876
249468,877
249568,877
249668,877
249768,876
249868,878
249968,877
250068,877
250168,877
250268,877
250368,876
250468,878
250568,876
250668,876
250768,877
250868,877
250968,877
251068,877
251168,877
251268,876
251368,877
251468,877
251568,877
251668,877
251768,877
251868,876
251968,877
252068,877
252168,878
252268,877
252368,877
252468,877
252568,877
252668,877
252768,877
252868,876
252968,877
253068,877
253168,877
253268,876
253368,877
253468,877
253568,877
253668,876
253768,877
253868,877
253968,877
254068,877
254168,877
254268,877
254368,877
254468,877
254568,878
254668,878
254768,876
254868,876
254968,877
255068,877
255168,877
255268,877
255368,877
255468,878
255568,877
255668,877
255768,876
255868,877
255968,876
256068,876
256168,877
256268,877
256368,876
256468,877
256568,877
256668,877
256768,876
256868,877
256968,878
257068,877
257168,877
257268,877
257368,877
257468,877
257568,877
257668,877
257768,877
257868,877
257968,877
258068,878
258168,877
258268,876
258368,876
258468,877
258568,877
258668,876
258768,877
258868,877
258968,877
259068,877
259168,877
259268,876
259368,877
259468,877
259568,877
259668,877
259768,877
259868,877
259968,876
260068,876
260168,877
260268,877
260368,876
260468,876
260568,877
260668,876
260768,876
260868,877
260968,877
261068,877
261168,877
261268,877
261368,876
261468,877
261568,876
261668,878
261768,876
261868,876
261968,877
262068,877
262168,876
262268,876
262368,877
262468,876
262568,878
262668,877
262768,878
262868,876
262968,876
263068,876
263168,877
263268,876
263368,877
263468,877
263568,877
263668,877
263768,876
263868,878
263968,877
264068,877
264168,877
264268,877
264368,876
264468,876
264568,877
264668,876
264768,876
264868,877
264968,876
265068,877
265168,877
265268,876
265368,876
265468,876
265568,878
265668,878
265768,877
265868,878
265968,877
266068,877
266168,877
266268,877
266368,878
266468,877
266568,877
266668,877
266768,877
266868,877
266968,877
267068,876
267168,876
267268,877
267368,877
267468,877
267568,877
267668,876
267768,876
267868,877
267968,877
268068,877
268168,877
268268,877
268368,876
268468,877
268568,878
268668,877
268768,876
268868,877
268968,877
269068,877
269168,877
269268,877
269368,877
269468,878
269568,877
269668,876
269768,877
269868,876
269968,877
270068,877
270168,877
270268,876
270368,877
270468,876
270568,878
270668,876
270768,877
270868,877
270968,877
271068,877
271168,877
271268,877
271368,876
271468,878
271568,877
271668,877
271768,877
271868,876
271968,877
272068,876
272168,877
272268,877
272368,877
272468,877
272568,876
272668,878
272768,877
272868,878
272968,877
273068,877
273168,876
273268,877
273368,877
273468,876
273568,877
273668,876
273768,876
273868,877
273968,877
274068,877
274168,877
274268,877
274368,876
274468,878
274568,876
274668,877
274768,877
274868,877
274968,877
275068,877
275168,876
275268,877
275368,878
275468,876
275568,877
275668,876
275768,877
275868,877
275968,875
276068,877
276168,876
276268,877
276368,878
276468,877
276568,876
276668,877
276768,876
276868,877
276968,876
277068,877
277168,876
277268,876
277368,876
277468,877
277568,877
277668,877
277768,877
277868,877
277968,877
278068,877
278168,877
278268,877
278368,877
278468,877
278568,877
278668,877
278768,877
278868,877
278968,877
279068,876
279168,876
279268,877
279368,877
279468,876
279568,877
279668,877
279768,876
279868,877
279968,877
280068,877
280168,877
280268,876
280368,877
280468,876
280568,877
280668,877
280768,876
280868,877
280968,877
281068,877
281168,876
281268,876
281368,876
281468,876
281568,877
281668,877
281768,876
281868,877
281968,877
282068,877
282168,876
282268,876
282368,877
282468,876
282568,877
282668,876
282768,877
282868,876
282968,876
283068,876
283168,876
283268,877
283368,877
283468,876
283568,877
283668,876
283768,877
283868,877
283968,876
284068,876
284168,876
284268,876
284368,875
284468,877
284568,876
284668,877
284768,876
284868,877
284968,877
285068,876
285168,877
285268,877
285368,877
285468,876
285568,877
285668,876
285768,876
285868,877
285968,877
286068,876
286168,876
286268,877
286368,877
286468,876
286568,877
286668,877
286768,876
286868,877
286968,877
287068,876
287168,877
287268,876
287368,877
287468,877
287568,876
287668,877
287768,876
287868,876
287968,876
288068,876
288168,876
288268,877
288368,877
288468,877
288568,877
288668,876
288768,878
288868,876
288968,877
289068,877
289168,877
289268,877
289368,876
289468,877
289568,877
289668,876
289768,876
289868,877
289968,876
290068,876
290168,876
290268,876
290368,877
290468,877
290568,876
290668,878
290768,876
290868,875
290968,877
291068,876
291168,876
291268,876
291368,876
291468,877
291568,876
291668,877
291768,876
291868,876
291968,876
292068,877
292168,875
292268,875
292368,877
292468,877
292568,877
292668,878
292768,877
292868,877
292968,877
293068,876
293168,877
293268,876
293368,877
293468,876
293568,876
293668,877
293768,877
293868,876
293968,877
294068,877
294168,876
294268,877
294368,878
294468,876
294568,876
294668,877
294768,877
294868,876
294968,877
295068,876
295168,876
295268,877
295368,876
295468,876
295568,877
295668,877
295768,876
295868,876
295968,877
296068,878
296168,877
296268,877
296368,876
296468,877
296568,876
296668,876
296768,877
296868,876
296968,877
297068,877
297168,876
297268,877
297368,877
297468,877
297568,877
297668,877
297768,877
297868,877
297968,876
298068,877
298168,877
298268,877
298368,876
298468,876
298568,875
298668,877
298768,877
298868,876
298968,876
299068,876
299168,876
299268,876
299368,876
299468,876
299568,877
299668,876
299768,877
299868,877
299968,877
300068,876
300168,876
300268,876
300368,876
300468,876
300568,877
300668,877
300768,877
300868,876
300968,876
301068,876
301168,876
301268,876
301368,877
301468,877
301568,876
301668,877
301768,877
301868,876
301968,876
302068,876
302168,876
302268,876
302368,876
302468,876
302568,877
302668,876
302768,876
302868,877
302968,877
303068,876
303168,877
303268,876
303368,877
303468,876
303568,877
303668,876
303768,876
303868,876
303968,877
304068,876
304168,876
304268,876
304368,876
304468,876
304568,877
304668,876
304768,877
304868,877
304968,876
305068,877
305168,877
305268,877
305368,876
305468,876
305568,876
305668,877
305768,877
305868,878
305968,876
306068,877
306168,876
306268,876
306368,876
306468,876
306568,876
306668,877
306768,876
306868,876
306968,876
307068,877
307168,877
307268,876
307368,876
307468,878
307568,876
307668,877
307768,876
307868,876
307968,877
308068,877
308168,877
308268,877
308368,876
308468,876
308568,877
308668,877
308768,876
308868,875
308968,876
309068,877
309168,877
309268,877
309368,876
309468,876
309568,877
309668,876
309768,876
309868,876
309968,877
310068,877
310168,876
310268,876
310368,877
310468,876
310568,875
310668,876
310768,876
310868,876
310968,877
311068,876
311168,876
311268,877
311368,876
311468,876
311568,876
311668,877
311768,876
311868,876
311968,877
312068,876
312168,877
312268,876
312368,877
312468,875
312568,877
312668,876
312768,877
312868,876
312968,877
313068,876
313168,877
313268,876
313368,876
313468,876
313568,876
313668,877
313768,877
313868,876
313968,876
314068,877
314168,876
314268,875
314368,877
314468,876
314568,877
314668,876
314768,876
314868,876
314968,876
315068,877
315168,876
315268,877
315368,875
315468,876
315568,877
315668,876
315768,876
315868,877
315968,876
316068,875
316168,876
316268,877
316368,877
316468,877
316568,877
316668,876
316768,877
316868,876
316968,877
317068,876
317168,876
317268,876
317368,876
317468,877
317568,876
317668,876
317768,876
317868,876
317968,877
318068,876
318168,876
318268,875
318368,876
318468,877
318568,877
318668,877
318768,876
318868,877
318968,877
319068,876
319168,876
319268,876
319368,876
319468,876
319568,876
319668,877
319768,877
319868,876
319968,876
320068,877
320168,877
320268,875
320368,877
320468,877
320568,877
320668,876
320768,877
320868,876
320968,876
321068,877
321168,876
321268,876
321368,876
321468,877
321568,876
321668,877
321768,876
321868,876
321968,877
322068,876
322168,877
322268,876
322368,877
322468,877
322568,876
322668,876
322768,876
322868,877
322968,876
323068,877
323168,877
323268,843
323368,754
323468,668
323568,594
323668,530
323768,476
323868,430
323968,390
324068,355
324168,325
324268,298
324368,274
324468,255
324568,238
324668,224
324768,212
324868,203
324968,196
325068,190
325168,187
325268,184
325368,183
325468,183
325568,182
325668,181
325768,181
325868,181
325968,181
326068,181
326168,181
326268,180
326368,180
326468,180
326568,181
326668,181
326768,180
326868,180
326968,180
327068,180
327168,180
327268,180
327368,180
327468,180
327568,180
327668,180
327768,180
327868,180
327968,181
328068,182
328168,183
328268,184
328368,185
328468,185
328568,186
328668,186
328768,188
328868,187
328968,188
329068,190
329168,190
329268,190
329368,192
329468,191
329568,192
329668,192
329768,193
329868,193
329968,193
330068,194
330168,194
330268,195
330368,195
330468,196
330568,196
330668,196
330768,196
330868,197
330968,197
331068,197
331168,198
331268,197
331368,198
331468,197
331568,198
331668,198
331768,198
331868,199
331968,199
332068,200
332168,199
332268,199
332368,199
332468,199
332568,200
332668,200
332768,201
332868,200
332968,200
333068,201
333168,201
333268,201
333368,201
333468,201
333568,201
333668,201
333768,201
333868,202
333968,202
334068,202
334168,201
334268,202
334368,202
334468,202
334568,201
334668,202
334768,202
334868,203
334968,202
335068,202
335168,202
335268,202
335368,203
335468,202
335568,202
335668,203
335768,202
335868,203
335968,202
336068,202
336168,203
336268,202
336368,203
336468,203
336568,203
336668,203
336768,202
336868,203
336968,203
337068,203
337168,202
337268,203
337368,203
337468,203
337568,203
337668,203
337768,203
337868,203
337968,203
338068,203
338168,203
338268,203
338368,203
338468,203
338568,204
338668,203
338768,204
338868,204
338968,203
339068,203
339168,204
339268,203
339368,204
339468,204
339568,203
339668,203
339768,204
339868,203
339968,204
340068,204
340168,204
340268,203
340368,203
340468,203
340568,204
340668,204
340768,204
340868,204
340968,204
341068,203
341168,204
341268,204
341368,204
341468,204
341568,204
341668,204
341768,204
341868,203
341968,203
342068,204
342168,203
342268,204
342368,204
342468,204
342568,204
342668,204
342768,204
342868,203
342968,204
343068,204
343168,203
343268,203
343368,204
343468,205
343568,204
343668,204
343768,204
343868,203
343968,204
344068,204
344168,204
344268,204
344368,203
344468,203
344568,204
344668,203
344768,204
344868,204
344968,204
345068,204
345168,204
345268,204
345368,203
345468,204
345568,204
345668,204
345768,204
345868,204
345968,204
346068,203
346168,204
346268,203
346368,204
346468,203
346568,204
346668,204
346768,204
346868,204
346968,205
347068,204
347168,204
347268,204
347368,203
347468,204
347568,204
347668,204
347768,204
347868,204
347968,204
348068,204
348168,204
348268,204
348368,204
348468,204
348568,204
348668,204
348768,204
348868,203
348968,204
349068,205
349168,204
349268,204
349368,204
349468,204
349568,205
349668,204
349768,204
349868,204
349968,204
350068,204
350168,204
350268,204
350368,204
350468,204
350568,204
350668,204
350768,204
350868,204
350968,204
351068,204
351168,204
351268,204
351368,204
351468,204
351568,204
351668,204
351768,204
351868,204
351968,204
352068,203
352168,204
352268,204
352368,204
352468,204
352568,203
352668,204
352768,204
352868,204
352968,204
353068,204
353168,204
353268,204
353368,204
353468,204
353568,204
353668,204
353768,204
353868,204
353968,204
354068,204
354168,204
354268,205
354368,205
354468,204
354568,204
354668,204
354768,203
354868,204
354968,204
355068,204
355168,205
355268,205
355368,204
355468,204
355568,204
355668,203
355768,204
355868,204
355968,204
356068,204
356168,203
356268,204
356368,204
356468,204
356568,204
356668,205
356768,204
356868,204
356968,204
357068,204
357168,204
357268,204
357368,204
357468,204
357568,204
357668,204
357768,204
357868,204
357968,204
358068,204
358168,204
358268,204
358368,204
358468,204
358568,204
358668,204
358768,204
358868,204
358968,204
359068,204
359168,204
359268,204
359368,204
359468,203
359568,205
359668,204
359768,205
359868,204
359968,204
360068,204
360168,204
360268,204
360368,204
360468,205
360568,203
360668,204
360768,204
360868,204
360968,204
361068,204
361168,204
361268,204
361368,204
361468,204
361568,204
361668,204
361768,204
361868,204
361968,204
362068,204
362168,203
362268,205
362368,204
362468,204
362568,204
362668,204
362768,204
362868,203
362968,204
363068,204
363168,204
363268,204
363368,204
363468,204
363568,204
363668,204
363768,204
363868,204
363968,204
364068,204
364168,205
364268,204
364368,204
364468,204
364568,204
364668,204
364768,204
364868,204
364968,204
365068,204
365168,204
365268,204
365368,204
365468,204
365568,204
365668,204
365768,204
365868,204
365968,205
366068,205
366168,204
366268,204
366368,204
366468,205
366568,204
366668,204
366768,204
366868,204
366968,205
367068,204
367168,204
367268,204
367368,204
367468,204
367568,204
367668,204
367768,204
367868,205
367968,204
368068,204
368168,204
368268,204
368368,204
368468,205
368568,203
368668,204
368768,204
368868,204
368968,204
369068,204
369168,204
369268,204
369368,204
369468,204
369568,204
369668,204
369768,204
369868,204
369968,204
370068,204
370168,204
370268,204
370368,204
370468,204
370568,204
370668,204
370768,204
370868,204
370968,204
371068,204
371168,203
371268,204
371368,204
371468,204
371568,205
371668,204
371768,204
371868,204
371968,205
372068,204
372168,204
372268,205
372368,204
372468,204
372568,204
372668,204
372768,204
372868,204
372968,204
373068,204
373168,204
373268,204
373368,204
373468,204
373568,204
373668,204
373768,204
373868,204
373968,204
374068,204
374168,204
374268,205
374368,204
374468,204
374568,204
374668,204
374768,204
374868,204
374968,204
375068,204
375168,204
375268,204
375368,204
375468,204
375568,205
375668,204
375768,204
375868,204
375968,204
376068,204
376168,205
376268,204
376368,203
376468,204
376568,204
376668,205
376768,204
376868,204
376968,204
377068,204
377168,204
377268,203
377368,204
377468,204
377568,204
377668,204
377768,204
377868,204
377968,204
378068,205
378168,204
378268,205
378368,204
378468,204
378568,204
378668,204
378768,204
378868,205
378968,204
379068,204
379168,204
379268,204
379368,204
379468,204
379568,204
379668,204
379768,204
379868,204
379968,204
380068,204
380168,205
380268,203
380368,204
380468,204
380568,204
380668,204
380768,205
380868,205
380968,204
381068,204
381168,204
381268,204
381368,204
381468,205
381568,204
381668,205
381768,204
381868,204
381968,205
382068,205
382168,204
382268,204
382368,204
382468,204
382568,204
382668,204
382768,204
382868,204
382968,204
383068,205
383168,204
383268,204
383368,205
383468,204
383568,204
383668,204
383768,204
383868,204
383968,204
384068,204
384168,204
384268,204
384368,204
384468,205
384568,204
384668,205
384768,204
384868,204
384968,204
385068,204
385168,204
385268,204
385368,204
385468,204
385568,204
385668,205
385768,204
385868,205
385968,204
386068,205
386168,204
386268,204
386368,204
386468,205
386568,204
386668,204
386768,204
386868,204
386968,204
387068,204
387168,205
387268,205
387368,204
387468,203
387568,204
387668,205
387768,204
387868,204
387968,204
388068,204
388168,204
388268,204
388368,203
388468,204
388568,204
388668,204
388768,204
388868,204
388968,204
389068,204
389168,204
389268,204
389368,204
389468,205
389568,204
389668,204
389768,204
389868,204
389968,204
390068,204
390168,205
390268,204
390368,204
390468,204
390568,205
390668,205
390768,204
390868,203
390968,204
391068,205
391168,205
391268,204
391368,204
391468,204
391568,204
391668,204
391768,204
391868,204
391968,204
392068,204
392168,204
392268,205
392368,204
392468,204
392568,205
392668,204
392768,204
392868,204
392968,204
393068,203
393168,205
393268,204
393368,205
393468,204
393568,204
393668,204
393768,204
393868,203
393968,204
394068,204
394168,205
394268,204
394368,204
394468,205
394568,204
394668,204
394768,204
394868,204
394968,204
395068,204
395168,204
395268,204
395368,204
395468,205
395568,204
395668,204
395768,204
395868,204
395968,204
396068,205
396168,205
396268,204
396368,204
396468,204
396568,204
396668,205
396768,204
396868,204
396968,205
397068,204
397168,204
397268,204
397368,204
397468,203
397568,204
397668,204
397768,204
397868,204
397968,204
398068,204
398168,204
398268,203
398368,204
398468,204
398568,204
398668,204
398768,205
398868,204
398968,204
399068,204
399168,204
399268,204
399368,204
399468,204
399568,204
399668,204
399768,204
399868,205
399968,205
400068,204
400168,204
400268,205
400368,203
400468,205
400568,205
400668,204
400768,205
400868,204
400968,204
401068,204
401168,205
401268,204
401368,204
401468,204
401568,204
401668,204
401768,204
401868,204
401968,204
402068,204
402168,205
402268,204
402368,204
402468,204
402568,204
402668,204
402768,204
402868,204
402968,204
403068,205
403168,204
403268,204
403368,205
403468,203
403568,204
403668,204
403768,205
403868,204
403968,204
404068,204
404168,204
404268,204
404368,204
404468,204
404568,205
404668,204
404768,204
404868,205
404968,204
405068,204
405168,204
405268,204
405368,204
405468,204
405568,204
405668,204
405768,204
405868,204
405968,204
406068,205
406168,204
406268,204
406368,204
406468,204
406568,204
406668,204
406768,205
406868,204
406968,204
407068,204
407168,203
407268,205
407368,204
407468,204
407568,204
407668,204
407768,205
407868,204
407968,204
408068,205
408168,204
408268,205
408368,204
408468,204
408568,204
408668,204
408768,204
408868,205
408968,205
409068,204
409168,204
409268,205
409368,204
409468,204
409568,204
409668,205
409768,204
409868,204
409968,204
410068,204
410168,204
410268,204
410368,204
410468,204
410568,204
410668,204
410768,204
410868,205
410968,204
411068,204
411168,204
411268,203
411368,205
411468,204
411568,204
411668,204
411768,204
411868,204
411968,204
412068,204
412168,204
412268,204
412368,204
412468,204
412568,204
412668,204
412768,204
412868,204
412968,204
413068,204
413168,204
413268,204
413368,204
413468,204
413568,204
413668,205
413768,204
413868,204
413968,204
414068,204
414168,204
414268,204
414368,204
414468,205
414568,204
414668,204
414768,204
414868,204
414968,205
415068,204
415168,204
415268,204
415368,205
415468,205
415568,204
415668,204
415768,204
415868,204
415968,204
416068,204
416168,203
416268,204
416368,204
416468,204
416568,205
416668,204
416768,205
416868,204
416968,205
417068,205
417168,204
417268,204
417368,204
417468,205
417568,204
417668,205
417768,204
417868,204
417968,205
418068,204
418168,204
418268,204
418368,204
418468,205
418568,204
418668,204
418768,205
418868,204
418968,204
419068,204
419168,204
419268,204
419368,204
419468,204
419568,204
419668,205
419768,204
419868,204
419968,204
420068,203
420168,205
420268,204
420368,205
420468,204
420568,204
420668,204
420768,204
420868,204
420968,204
421068,205
421168,205
421268,204
421368,204
421468,204
421568,204
421668,204
421768,204
421868,205
421968,204
422068,205
422168,204
422268,204
422368,204
422468,205
422568,204
422668,204
422768,204
422868,205
422968,204
423068,204
423168,205
423268,205
423368,204
423468,205
423568,205
423668,204
423768,205
423868,205
423968,204
424068,204
424168,204
424268,204
424368,204
424468,204
424568,204
424668,205
424768,204
424868,204
424968,204
425068,204
425168,204
425268,204
425368,204
425468,205
425568,204
425668,204
425768,205
425868,204
425968,204
426068,204
426168,204
426268,205
426368,204
426468,204
426568,205
426668,204
426768,204
426868,204
426968,204
427068,204
427168,204
427268,204
427368,204
427468,204
427568,204
427668,204
427768,204
427868,205
427968,204
428068,204
428168,204
428268,204
428368,204
428468,203
428568,205
428668,204
428768,204
428868,204
428968,204
429068,204
429168,204
429268,204
429368,205
429468,204
429568,204
429668,204
429768,204
429868,204
429968,204
430068,204
430168,204
430268,204
430368,204
430468,204
430568,205
430668,204
430768,205
430868,204
430968,204
431068,204
431168,204
431268,203
431368,204
431468,205
431568,204
431668,204
431768,204
431868,205
431968,205
432068,205
432168,205
432268,204
432368,204
432468,205
432568,204
432668,204
432768,204
432868,204
432968,203
433068,205
433168,204
433268,204
433368,204
433468,205
433568,205
433668,204
433768,204
433868,204
433968,205
434068,204
434168,204
434268,204
434368,205
434468,204
434568,204
434668,205
434768,205
434868,204
434968,204
435068,204
435168,205
435268,204
435368,205
435468,205
435568,204
435668,204
435768,204
435868,203
435968,204
436068,204
436168,204
436268,204
436368,204
436468,204
436568,204
436668,204
436768,204
436868,204
436968,204
437068,205
437168,205
437268,204
437368,205
437468,205
437568,204
437668,204
437768,205
437868,204
437968,205
438068,205
438168,204
438268,205
438368,205
438468,204
438568,205
438668,204
438768,204
438868,204
438968,205
439068,204
439168,205
439268,204
439368,204
439468,204
439568,204
439668,204
439768,204
439868,204
439968,204
440068,204
440168,204
440268,204
440368,204
440468,204
440568,204
440668,204
440768,205
440868,205
440968,204
441068,204
441168,204
441268,205
441368,204
441468,203
441568,205
441668,204
441768,204
441868,204
441968,204
442068,204
442168,204
442268,204
442368,204
442468,204
442568,204
442668,205
442768,204
442868,204
442968,204
443068,204
443168,204
443268,204
443368,204
443468,204
443568,204
443668,204
443768,204
443868,204
443968,205
444068,204
444168,204
444268,204
444368,204
444468,204
444568,205
444668,204
444768,204
444868,204
444968,205
445068,204
445168,204
445268,204
445368,204
445468,204
445568,204
445668,204
445768,204
445868,204
445968,205
446068,204
446168,204
446268,204
446368,205
446468,204
446568,204
446668,205
446768,205
446868,204
446968,205
447068,203
447168,204
447268,204
447368,204
447468,204
447568,204
447668,204
447768,205
447868,204
447968,204
448068,204
448168,204
448268,204
448368,204
448468,204
448568,204
448668,205
448768,204
448868,204
448968,204
449068,205
449168,204
449268,204
449368,204
449468,204
449568,204
449668,205
449768,204
449868,204
449968,204
450068,204
450168,204
450268,204
450368,205
450468,204
450568,204
450668,204
450768,205
450868,205
450968,204
451068,204
451168,205
451268,204
451368,204
451468,204
451568,204
451668,204
451768,204
451868,204
451968,205
452068,204
452168,205
452268,204
452368,204
452468,204
452568,204
452668,204
452768,204
452868,204
452968,204
453068,204
453168,204
453268,205
453368,204
453468,204
453568,204
453668,204
453768,204
453868,204
453968,204
454068,204
454168,205
454268,204
454368,205
454468,204
454568,204
454668,204
454768,204
454868,204
454968,204
455068,204
455168,204
455268,205
455368,204
455468,204
455568,205
455668,205
455768,204
455868,204
455968,204
456068,204
456168,204
456268,204
456368,204
456468,205
456568,204
456668,204
456768,204
456868,204
456968,204
457068,204
457168,204
457268,204
457368,204
457468,204
457568,204
457668,204
457768,204
457868,204
457968,204
458068,204
458168,204
458268,204
458368,205
458468,204
458568,204
458668,203
458768,204
458868,205
458968,204
459068,204
459168,204
459268,204
459368,204
459468,204
459568,205
459668,204
459768,204
459868,204
459968,204
460068,204
460168,204
460268,204
460368,204
460468,204
460568,205
460668,204
460768,204
460868,204
460968,204
461068,204
461168,204
461268,203
461368,205
461468,204
461568,204
461668,204
461768,205
461868,205
461968,204
462068,205
462168,204
462268,204
462368,204
462468,205
462568,204
462668,204
462768,205
462868,204
462968,204
463068,205
463168,204
463268,204
463368,204
463468,204
463568,204
463668,204
463768,204
463868,204
463968,204
464068,204
464168,204
464268,205
464368,204
464468,204
464568,204
464668,204
464768,204
464868,204
464968,204
465068,205
465168,205
465268,204
465368,205
465468,204
465568,204
465668,204
465768,204
465868,204
465968,204
466068,204
466168,204
466268,204
466368,204
466468,205
466568,204
466668,205
466768,204
466868,204
466968,203
467068,204
467168,204
467268,204
467368,204
467468,204
467568,204
467668,204
467768,204
467868,205
467968,204
468068,204
468168,204
468268,204
468368,204
468468,204
468568,204
468668,204
468768,204
468868,204
468968,205
469068,204
469168,204
469268,205
469368,204
469468,204
469568,205
469668,204
469768,204
469868,204
469968,204
470068,205
470168,204
470268,204
470368,203
470468,204
470568,204
470668,203
470768,204
470868,205
470968,204
471068,204
471168,205
471268,204
471368,204
471468,204
471568,204
471668,204
471768,204
471868,204
471968,204
472068,204
472168,204
472268,204
472368,204
472468,204
472568,205
472668,205
472768,204
472868,204
472968,204
473068,204
473168,204
473268,204
473368,204
473468,204
473568,204
473668,204
473768,204
473868,204
473968,205
474068,204
474168,204
474268,205
474368,204
474468,204
474568,205
474668,205
474768,204
474868,204
474968,205
475068,203
475168,205
475268,204
475368,204
475468,204
475568,204
475668,205
475768,203
475868,204
475968,204
476068,204
476168,204
476268,205
476368,205
476468,204
476568,204
476668,204
476768,204
476868,204
476968,203
477068,204
477168,204
477268,205
477368,204
477468,204
477568,204
477668,204
477768,205
477868,204
477968,204
478068,205
478168,204
478268,204
478368,204
478468,204
478568,205
478668,204
478768,205
478868,204
478968,205
479068,204
479168,204
479268,204
479368,204
479468,205
479568,204
479668,204
479768,204
479868,204
479968,205
480068,204
480168,204
480268,204
480368,204
480468,204
480568,204
480668,205
480768,204
480868,203
480968,204
481068,204
481168,204
481268,205
481368,204
481468,204
481568,205
481668,204
481768,204
481868,204
481968,204
482068,204
482168,204
482268,205
482368,204
482468,204
482568,204
482668,205
482768,203
482868,204
482968,204
483068,204
483168,204
483268,204
483368,205
483468,205
483568,204
483668,205
483768,205
483868,205
483968,204
484068,205
484168,204
484268,204
484368,204
484468,204
484568,204
484668,205
484768,204
484868,205
484968,204
485068,205
485168,204
485268,205
485368,204
485468,204
485568,204
485668,205
485768,205
485868,204
485968,205
486068,204
486168,204
486268,204
486368,204
486468,204
486568,204
486668,205
486768,204
486868,204
486968,204
487068,205
487168,204
487268,204
487368,204
487468,204
487568,204
487668,204
487768,204
487868,204
487968,204
488068,204
488168,204
488268,204
488368,203
488468,205
488568,204
488668,204
488768,203
488868,204
488968,204
489068,205
489168,204
489268,204
489368,204
489468,204
489568,204
489668,204
489768,205
489868,204
489968,204
490068,204
490168,204
490268,204
490368,204
490468,204
490568,204
490668,205
490768,204
490868,204
490968,204
491068,204
491168,204
491268,205
491368,204
491468,204
491568,204
491668,204
491768,204
491868,204
491968,205
492068,204
492168,205
492268,205
492368,204
492468,204
492568,204
492668,205
492768,204
492868,204
492968,204
493068,205
493168,205
493268,204
493368,204
493468,204
493568,205
493668,205
493768,204
493868,205
493968,204
494068,205
494168,204
494268,204
494368,205
494468,205
494568,204
494668,204
494768,205
494868,205
494968,204
495068,204
495168,204
495268,204
495368,204
495468,205
495568,204
495668,205
495768,204
495868,205
495968,205
496068,204
496168,205
496268,204
496368,204
496468,204
496568,205
496668,204
496768,204
496868,204
496968,204
497068,204
497168,204
497268,204
497368,204
497468,204
497568,205
497668,204
497768,204
497868,203
497968,204
498068,205
498168,204
498268,204
498368,204
498468,205
498568,204
498668,204
498768,204
498868,204
498968,204
499068,204
499168,204
499268,205
499368,205
499468,205
499568,204
499668,204
499768,204
499868,205
499968,205
500068,204
500168,204
500268,205
500368,204
500468,204
500568,204
500668,205
500768,203
500868,204
500968,204
501068,204
501168,204
501268,204
501368,204
501468,204
501568,205
501668,205
501768,205
501868,205
501968,204
502068,204
502168,204
502268,204
502368,204
502468,205
502568,204
502668,204
502768,204
502868,205
502968,204
503068,205
503168,204
503268,205
503368,204
503468,204
503568,205
503668,204
503768,204
503868,205
503968,205
504068,204
504168,205
504268,203
504368,204
504468,204
504568,204
504668,204
504768,204
504868,204
504968,204
505068,204
505168,205
505268,204
505368,204
505468,204
505568,205
505668,205
505768,204
505868,205
505968,204
506068,204
506168,204
506268,198
506368,188
506468,183
506568,180
506668,180
506768,180
506868,179
506968,179
507068,180
507168,180
507268,180
507368,180
507468,180
507568,181
507668,180
507768,181
507868,181
507968,181
508068,180
508168,181
508268,181
508368,181
508468,181
508568,181
508668,181
508768,181
508868,181
508968,182
509068,181
509168,181
509268,181
509368,180
509468,181
509568,180
509668,180
509768,181
509868,180
509968,180
510068,180
510168,180
510268,180
510368,180
510468,180
510568,180
510668,180
510768,180
510868,179
510968,179
511068,180
511168,180
511268,180
511368,180
511468,179
511568,180
511668,179
511768,180
511868,180
511968,179
512068,180
512168,180
512268,180
512368,180
512468,180
512568,180
512668,180
512768,180
512868,180
512968,180
513068,180
513168,180
513268,179
513368,180
513468,179
513568,180
513668,180
513768,180
513868,179
513968,180
514068,180
514168,179
514268,180
514368,180
514468,180
514568,180
514668,180
514768,180
514868,180
514968,179
515068,179
515168,180
515268,179
515368,180
515468,180
515568,180
515668,179
515768,180
515868,180
515968,180
516068,180
516168,179
516268,180
516368,180
516468,180
516568,180
516668,179
516768,180
516868,179
516968,180
517068,180
517168,180
517268,180
517368,180
517468,180
517568,180
517668,180
517768,180
517868,180
517968,180
518068,180
518168,180
518268,179
518368,180
518468,179
518568,179
518668,180
518768,180
518868,180
518968,179
519068,180
519168,180
519268,180
519368,180
519468,180
519568,180
519668,180
519768,179
519868,180
519968,180
520068,180
520168,180
520268,180
520368,180
520468,180
520568,180
520668,180
520768,180
520868,179
520968,180
521068,180
521168,180
521268,180
521368,180
521468,180
521568,180
521668,180
521768,180
521868,180
521968,180
522068,180
522168,180
522268,180
522368,180
522468,180
522568,180
522668,180
522768,180
522868,180
522968,180
523068,180
523168,180
523268,180
